Cage number,Treatment,Full treatment,pollen treatment,Date code,virus treatment,tube code,well,flour,Target,Content,Cq,Cq Mean,Cq Std Dev,Starting Quantity (SQ),Log Starting Quantity,SQ Mean,SQ Std Dev,log sq mean,sqrt of log
490,Control Control,,Control,1,Control,91,I05,SYBR,IAPV,Unkn-091,28.21,28.83,0.872,7.89E+03,3.897,5.79E+03,2.97E+03,3.762678564,1.939762502
494,Control Control,,Control,1,Control,94,I08,SYBR,IAPV,Unkn-094,26.32,25.98,0.482,2.53E+04,4.403,3.19E+04,9.34E+03,4.503790683,2.122213628
495,Starved Control,,Starved,1,Control,95,I09,SYBR,IAPV,Unkn-095,28.11,28.82,0.992,8.38E+03,3.923,5.95E+03,3.43E+03,3.774516966,1.942811614
498,Control Control,,Control,1,Control,97,I11,SYBR,IAPV,Unkn-097,31.02,31.01,0.019,1.40E+03,3.146,1.41E+03,1.69E+01,3.149219113,1.774603931
499,Starved Control,,Starved,1,Control,98,I12,SYBR,IAPV,Unkn-098,16.74,15.64,1.566,9.24E+06,6.966,2.27E+07,1.90E+07,7.356025857,2.71219945
503,Starved Control,,Starved,1,Control,100,I14,SYBR,IAPV,Unkn-100,27.75,26.46,1.811,1.05E+04,4.022,3.07E+04,2.86E+04,4.487138375,2.11828666
506,Control Control,,Control,1,Control,102,I16,SYBR,IAPV,Unkn-102,27.05,26.12,1.313,1.62E+04,4.209,3.35E+04,2.44E+04,4.525044807,2.12721527
511,Starved Control,,Starved,1,Control,105,I19,SYBR,IAPV,Unkn-105,17.09,17.96,1.232,7.45E+06,6.872,5.00E+06,3.47E+06,6.698970004,2.588236852
514,Control Control,,Control,1,Control,106,I20,SYBR,IAPV,Unkn-106,30.36,29.8,0.804,2.10E+03,3.321,3.16E+03,1.50E+03,3.499687083,1.870745061
523,Starved Control,,Starved,1,Control,109,I23,SYBR,IAPV,Unkn-109,25.1,25.35,0.355,5.38E+04,4.731,4.66E+04,1.01E+04,4.668385917,2.160644792
531,Starved Control,,Starved,1,Control,111,K01,SYBR,IAPV,Unkn-111,28.67,29.49,1.168,5.96E+03,3.775,4.06E+03,2.69E+03,3.608526034,1.899612074
534,Control Control,,Control,1,Control,113,K03,SYBR,IAPV,Unkn-113,31.97,31.11,1.213,7.80E+02,2.892,1.51E+03,1.04E+03,3.178976947,1.782968577
542,Control Control,,Control,1,Control,116,K06,SYBR,IAPV,Unkn-116,32.18,30.98,1.706,6.83E+02,2.834,1.85E+03,1.65E+03,3.267171728,1.807531944
546,Control Control,,Control,1,Control,118,K08,SYBR,IAPV,Unkn-118,33.08,31.71,1.935,3.93E+02,2.594,1.26E+03,1.22E+03,3.100370545,1.760786911
547,Starved Control,,Starved,1,Control,119,K09,SYBR,IAPV,Unkn-119,31.93,31.53,0.56,7.99E+02,2.903,1.05E+03,3.55E+02,3.021189299,1.738156868
550,Control Control,,Control,1,Control,122,K12,SYBR,IAPV,Unkn-122,29.21,28.84,0.532,4.25E+03,3.629,5.51E+03,1.77E+03,3.741151599,1.934205676
554,Control Control,,Control,1,Control,124,K14,SYBR,IAPV,Unkn-124,32.25,31.4,1.208,6.54E+02,2.816,1.26E+03,8.63E+02,3.100370545,1.760786911
555,Starved Control,,Starved,1,Control,125,K15,SYBR,IAPV,Unkn-125,32.26,31.29,1.372,6.50E+02,2.813,1.40E+03,1.06E+03,3.146128036,1.773732797
559,Starved Control,,Starved,1,Control,127,K17,SYBR,IAPV,Unkn-127,31.67,30.5,1.664,9.34E+02,2.97,2.46E+03,2.15E+03,3.390935107,1.841449187
567,Starved Control,,Starved,1,Control,129,K19,SYBR,IAPV,Unkn-129,32.86,31.68,1.67,4.51E+02,2.654,1.19E+03,1.05E+03,3.075546961,1.753723741
492,Control Virus,,Control,1,Virus,92,I06,SYBR,IAPV,Unkn-092,14.35,13.75,0.847,4.04E+07,7.606,6.24E+07,3.11E+07,7.79518459,2.791985779
493,Starved Virus,,Starved,1,Virus,93,I07,SYBR,IAPV,Unkn-093,13.87,14.26,0.548,5.42E+07,7.734,4.39E+07,1.46E+07,7.64246452,2.764500772
496,Control Virus,,Control,1,Virus,96,I10,SYBR,IAPV,Unkn-096,27.4,26.87,0.751,1.30E+04,4.114,1.90E+04,8.50E+03,4.278753601,2.06851483
501,Starved Virus,,Starved,1,Virus,99,I13,SYBR,IAPV,Unkn-099,14.34,14.27,0.096,4.07E+07,7.61,4.25E+07,2.52E+06,7.62838893,2.761953825
504,Control Virus,,Control,1,Virus,101,I15,SYBR,IAPV,Unkn-101,14.65,14.03,0.869,3.36E+07,7.527,5.27E+07,2.69E+07,7.721810615,2.778814606
508,Control Virus,,Control,1,Virus,103,I17,SYBR,IAPV,Unkn-103,14.34,14.13,0.286,4.07E+07,7.609,4.64E+07,8.14E+06,7.666517981,2.768847771
509,Starved Virus,,Starved,1,Virus,104,I18,SYBR,IAPV,Unkn-104,13.42,13.29,0.176,7.18E+07,7.856,7.78E+07,8.44E+06,7.890979597,2.809088749
517,Starved Virus,,Starved,1,Virus,107,I21,SYBR,IAPV,Unkn-107,26.79,26.44,0.505,1.89E+04,4.276,2.41E+04,7.39E+03,4.382017043,2.093326788
521,Starved Virus,,Starved,1,Virus,108,I22,SYBR,IAPV,Unkn-108,14.81,14.47,0.49,3.04E+07,7.482,3.85E+07,1.14E+07,7.58546073,2.754171514
528,Control Virus,,Control,1,Virus,110,I24,SYBR,IAPV,Unkn-110,19.11,18.24,1.23,2.15E+06,6.333,4.22E+06,2.92E+06,6.625312451,2.57396823
532,Control Virus,,Control,2,Virus,112,K02,SYBR,IAPV,Unkn-112,19.78,19.76,0.024,1.43E+06,6.154,1.44E+06,2.14E+04,6.158362492,2.481604822
537,Starved Virus,,Starved,2,Virus,114,K04,SYBR,IAPV,Unkn-114,24.94,24.49,0.64,5.90E+04,4.771,8.11E+04,3.12E+04,4.909020854,2.215631028
541,Starved Virus,,Starved,2,Virus,115,K05,SYBR,IAPV,Unkn-115,30.78,29.53,1.771,1.62E+03,3.209,4.60E+03,4.21E+03,3.662757832,1.913833282
544,Control Virus,,Control,2,Virus,117,K07,SYBR,IAPV,Unkn-117,28.05,27.91,0.198,8.71E+03,3.94,9.53E+03,1.16E+03,3.979092901,1.994766377
548,Control Virus,,Control,2,Virus,120,K10,SYBR,IAPV,Unkn-120,27.22,26.94,0.39,1.46E+04,4.164,1.75E+04,4.18E+03,4.243038049,2.0598636
549,Starved Virus,,Starved,2,Virus,121,K11,SYBR,IAPV,Unkn-121,16.39,16.07,0.445,1.15E+07,7.061,1.42E+07,3.86E+06,7.152288344,2.674376253
552,Control Virus,,Control,2,Virus,123,K13,SYBR,IAPV,Unkn-123,30.07,29.78,0.408,2.51E+03,3.4,3.05E+03,7.57E+02,3.484299839,1.866627933
556,Control Virus,,Control,2,Virus,126,K16,SYBR,IAPV,Unkn-126,28.54,27.6,1.316,6.46E+03,3.81,1.34E+04,9.82E+03,4.127104798,2.031527701
565,Starved Virus,,Starved,2,Virus,128,K18,SYBR,IAPV,Unkn-128,27.79,28.51,1.02,1.02E+04,4.009,7.21E+03,4.25E+03,3.857935265,1.964162739
569,Starved Virus,,Starved,2,Virus,130,K20,SYBR,IAPV,Unkn-130,18.46,19.11,0.922,3.21E+06,6.507,2.33E+06,1.25E+06,6.367355921,2.523362027
