Cage,Date group,Nutrition,Virus,Treatment,60 hour sum,4 days,Log 4 days,SqrRt 4 days,Proportion Mortality,SqrRt proportion
490,1,Control,Control,Control Control,0,1,0,1,0.033333333,0.182574186
491,1,Starved,Control,Starved Control,0,0,0,0,0,0
492,1,Control,Virus,Control Virus,2,7,0.84509804,2.645751311,0.233333333,0.483045892
493,1,Starved,Virus,Starved Virus,12,16,1.204119983,4,0.533333333,0.730296743
494,1,Control,Control,Control Control,1,2,0.301029996,1.414213562,0.066666667,0.25819889
495,1,Starved,Control,Starved Control,1,1,0,1,0.033333333,0.182574186
496,1,Control,Virus,Control Virus,5,5,0.698970004,2.236067977,0.166666667,0.40824829
497,1,Starved,Virus,Starved Virus,10,15,1.176091259,3.872983346,0.5,0.707106781
498,1,Control,Control,Control Control,0,1,0,1,0.033333333,0.182574186
499,1,Starved,Control,Starved Control,0,6,0.77815125,2.449489743,0.2,0.447213595
500,1,Control,Virus,Control Virus,7,9,0.954242509,3,0.3,0.547722558
501,1,Starved,Virus,Starved Virus,3,6,0.77815125,2.449489743,0.2,0.447213595
502,1,Control,Control,Control Control,1,1,0,1,0.033333333,0.182574186
503,1,Starved,Control,Starved Control,1,3,0.477121255,1.732050808,0.1,0.316227766
504,1,Control,Virus,Control Virus,5,7,0.84509804,2.645751311,0.233333333,0.483045892
505,1,Starved,Virus,Starved Virus,4,10,1,3.16227766,0.333333333,0.577350269
506,1,Control,Control,Control Control,0,1,0,1,0.033333333,0.182574186
507,1,Starved,Control,Starved Control,0,0,0,0,0,0
508,1,Control,Virus,Control Virus,0,4,0.602059991,2,0.133333333,0.365148372
509,1,Starved,Virus,Starved Virus,7,13,1.113943352,3.605551275,0.433333333,0.658280589
510,1,Control,Control,Control Control,2,3,0.477121255,1.732050808,0.1,0.316227766
511,1,Starved,Control,Starved Control,3,9,0.954242509,3,0.3,0.547722558
512,1,Control,Virus,Control Virus,6,9,0.954242509,3,0.3,0.547722558
513,1,Starved,Virus,Starved Virus,1,8,0.903089987,2.828427125,0.266666667,0.516397779
514,1,Control,Control,Control Control,1,1,0,1,0.033333333,0.182574186
515,1,Starved,Control,Starved Control,1,3,0.477121255,1.732050808,0.1,0.316227766
516,1,Control,Virus,Control Virus,6,8,0.903089987,2.828427125,0.266666667,0.516397779
517,1,Starved,Virus,Starved Virus,4,4,0.602059991,2,0.133333333,0.365148372
518,1,Control,Control,Control Control,1,1,0,1,0.033333333,0.182574186
519,1,Starved,Control,Starved Control,1,2,0.301029996,1.414213562,0.066666667,0.25819889
520,1,Control,Virus,Control Virus,3,6,0.77815125,2.449489743,0.2,0.447213595
521,1,Starved,Virus,Starved Virus,8,12,1.079181246,3.464101615,0.4,0.632455532
522,1,Control,Control,Control Control,2,3,0.477121255,1.732050808,0.1,0.316227766
523,1,Starved,Control,Starved Control,1,5,0.698970004,2.236067977,0.166666667,0.40824829
524,1,Control,Virus,Control Virus,0,11,1.041392685,3.31662479,0.366666667,0.605530071
525,1,Starved,Virus,Starved Virus,4,15,1.176091259,3.872983346,0.5,0.707106781
526,1,Control,Control,Control Control,1,3,0.477121255,1.732050808,0.1,0.316227766
527,1,Starved,Control,Starved Control,1,1,0,1,0.033333333,0.182574186
528,1,Control,Virus,Control Virus,2,4,0.602059991,2,0.133333333,0.365148372
530,2,Control,Control,Control Control,2,2,0.301029996,1.414213562,0.066666667,0.25819889
531,2,Starved,Control,Starved Control,2,4,0.602059991,2,0.133333333,0.365148372
532,2,Control,Virus,Control Virus,5,7,0.84509804,2.645751311,0.233333333,0.483045892
533,2,Starved,Virus,Starved Virus,5,14,1.146128036,3.741657387,0.466666667,0.683130051
534,2,Control,Control,Control Control,0,1,0,1,0.033333333,0.182574186
535,2,Starved,Control,Starved Control,0,0,0,0,0,0
536,2,Control,Virus,Control Virus,0,3,0.477121255,1.732050808,0.1,0.316227766
537,2,Starved,Virus,Starved Virus,5,10,1,3.16227766,0.333333333,0.577350269
538,2,Control,Control,Control Control,0,1,0,1,0.033333333,0.182574186
539,2,Starved,Control,Starved Control,1,1,0,1,0.033333333,0.182574186
540,2,Control,Virus,Control Virus,1,5,0.698970004,2.236067977,0.166666667,0.40824829
541,2,Starved,Virus,Starved Virus,2,5,0.698970004,2.236067977,0.166666667,0.40824829
542,2,Control,Control,Control Control,0,0,0,0,0,0
543,2,Starved,Control,Starved Control,0,3,0.477121255,1.732050808,0.1,0.316227766
544,2,Control,Virus,Control Virus,1,5,0.698970004,2.236067977,0.166666667,0.40824829
545,2,Starved,Virus,Starved Virus,5,15,1.176091259,3.872983346,0.5,0.707106781
546,2,Control,Control,Control Control,0,1,0,1,0.033333333,0.182574186
547,2,Starved,Control,Starved Control,3,5,0.698970004,2.236067977,0.166666667,0.40824829
548,2,Control,Virus,Control Virus,2,4,0.602059991,2,0.133333333,0.365148372
549,2,Starved,Virus,Starved Virus,12,13,1.113943352,3.605551275,0.433333333,0.658280589
550,2,Control,Control,Control Control,0,0,0,0,0,0
551,2,Starved,Control,Starved Control,4,5,0.698970004,2.236067977,0.166666667,0.40824829
552,2,Control,Virus,Control Virus,2,2,0.301029996,1.414213562,0.066666667,0.25819889
553,2,Starved,Virus,Starved Virus,1,12,1.079181246,3.464101615,0.4,0.632455532
554,2,Control,Control,Control Control,0,0,0,0,0,0
555,2,Starved,Control,Starved Control,1,1,0,1,0.033333333,0.182574186
556,2,Control,Virus,Control Virus,0,3,0.477121255,1.732050808,0.1,0.316227766
557,2,Starved,Virus,Starved Virus,1,7,0.84509804,2.645751311,0.233333333,0.483045892
558,2,Control,Control,Control Control,0,0,0,0,0,0
559,2,Starved,Control,Starved Control,1,1,0,1,0.033333333,0.182574186
560,2,Control,Virus,Control Virus,0,6,0.77815125,2.449489743,0.2,0.447213595
561,2,Starved,Virus,Starved Virus,8,19,1.278753601,4.358898944,0.633333333,0.795822426
562,2,Control,Control,Control Control,3,3,0.477121255,1.732050808,0.1,0.316227766
563,2,Starved,Control,Starved Control,3,5,0.698970004,2.236067977,0.166666667,0.40824829
564,2,Control,Virus,Control Virus,1,11,1.041392685,3.31662479,0.366666667,0.605530071
565,2,Starved,Virus,Starved Virus,2,12,1.079181246,3.464101615,0.4,0.632455532
566,2,Control,Control,Control Control,3,3,0.477121255,1.732050808,0.1,0.316227766
567,2,Starved,Control,Starved Control,1,7,0.84509804,2.645751311,0.233333333,0.483045892
568,2,Control,Virus,Control Virus,3,18,1.255272505,4.242640687,0.6,0.774596669
569,2,Starved,Virus,Starved Virus,4,7,0.84509804,2.645751311,0.233333333,0.483045892
