Cage number,Treatment,Full treatment,pollen treatment,pollen treatment number,virus treatment,Date code,queen,24 hours cumulative mortality,48 hours mortality,72 hours mortality,sum mortality,Proportion mortality,tube code,well,flour,Target,Content,Cq,Cq Mean,Cq Std Dev,Starting Quantity (SQ),Log Starting Quantity,SQ Mean,SQ Std Dev,log sq mean,sqrt of log
602,Chestnut control,Chestnut 1 control,Chestnut ,1,control,1,unkn,1,0,2,3,0.1,1,A01,SYBR,IAPV,Unkn-001,34.78,34.27,7.31E-01,1.38E+02,2.14E+00,1.99E+02,8.66E+01,2.298853076,1.516196912
601,Chestnut virus,Chestnut 1 virus,Chestnut ,1,virus,1,unkn,4,13,5,22,0.733333333,11,A11,SYBR,IAPV,Unkn-011,16.4,15.86,7.50E-01,1.15E+07,7.06E+00,1.67E+07,7.47E+06,7.222716471,2.687511204
621,Chestnut virus,Chestnut 1 virus,Chestnut ,1,virus,1,unkn,0,5,8,13,0.433333333,12,A12,SYBR,IAPV,Unkn-012,22.93,22.54,5.48E-01,2.04E+05,5.31E+00,2.67E+05,8.85E+04,5.426511261,2.329487339
624,Chestnut virus,Chestnut 1 virus,Chestnut ,1,virus,1,unkn,0,9,11,20,0.666666667,13,A13,SYBR,IAPV,Unkn-013,31.03,31.18,2.01E-01,1.39E+03,3.14E+00,1.27E+03,1.57E+02,3.103803721,1.761761539
606,Cistus control,Cistus 1 control,Cistus ,1,control,1,unkn,1,0,0,1,0.033333333,28,C14,SYBR,IAPV,Unkn-028,33.18,33.53,4.93E-01,3.70E+02,2.57E+00,3.05E+02,9.12E+01,2.484299839,1.576166184
610,Cistus control,Cistus 2 control,Cistus ,2,control,1,unkn,0,0,0,0,0,29,C15,SYBR,IAPV,Unkn-029,32.82,33,2.44E-01,4.60E+02,2.66E+00,4.16E+02,6.22E+01,2.619093331,1.61836131
604,Cistus virus,Cistus 2 virus,Cistus ,2,virus,1,unkn,2,1,8,11,0.366666667,38,C24,SYBR,IAPV,Unkn-038,28.45,28.05,5.69E-01,6.82E+03,3.83E+00,9.01E+03,3.10E+03,3.954724791,1.988648986
611,Cistus virus,Cistus 2 virus,Cistus ,2,virus,1,unkn,2,1,5,8,0.266666667,39,E01,SYBR,IAPV,Unkn-039,14.32,13.37,1.35E+00,4.11E+07,7.61E+00,8.69E+07,6.48E+07,7.939019776,2.817626621
612,Cistus virus,Cistus 1 virus,Cistus ,1,virus,1,unkn,0,18,1,19,0.633333333,40,E02,SYBR,IAPV,Unkn-040,13.88,13.69,2.69E-01,5.38E+07,7.73E+00,6.09E+07,1.00E+07,7.784617293,2.790092703
619,Cistus virus,Cistus 2 virus,Cistus ,2,virus,1,unkn,2,5,6,13,0.433333333,41,E03,SYBR,IAPV,Unkn-041,15.65,14.69,1.35E+00,1.82E+07,7.26E+00,3.85E+07,2.88E+07,7.58546073,2.754171514
623,Cistus virus,Cistus 2 virus,Cistus ,2,virus,1,unkn,5,5,3,13,0.433333333,42,E04,SYBR,IAPV,Unkn-042,16.31,16.32,6.00E-03,1.21E+07,7.08E+00,1.20E+07,4.39E+04,7.079181246,2.660673081
810,Chestnut control,Chestnut 1 control,Chestnut,1,control,4.2,unkn,0,0,2,2,0.066666667,2,A02,SYBR,IAPV,Unkn-002,35.47,34.86,8.66E-01,9.01E+01,1.96E+00,1.41E+02,7.17E+01,2.149219113,1.466021525
789,Chestnut virus,Chestnut 1 virus,Chestnut,1,virus,4.2,unkn,1,0,1,2,0.066666667,14,A14,SYBR,IAPV,Unkn-014,32.2,32.36,2.31E-01,6.76E+02,2.83E+00,6.14E+02,8.70E+01,2.788168371,1.669780935
805,Chestnut virus,Chestnut 2 virus,Chestnut,2,virus,4.2,unkn,2,1,5,8,0.266666667,15,C01,SYBR,IAPV,Unkn-015,16.9,17.02,1.70E-01,8.38E+06,6.92E+00,7.80E+06,8.17E+05,6.892094603,2.625279909
797,Cistus control,Cistus 1 control,Cistus,1,control,4.2,unkn,0,0,0,0,0,30,C16,SYBR,IAPV,Unkn-030,33.57,33.29,3.95E-01,2.91E+02,2.46E+00,3.51E+02,8.47E+01,2.545307116,1.595401867
806,Cistus control,Cistus 2 control,Cistus,2,control,4.2,unkn,1,0,0,1,0.033333333,31,C17,SYBR,IAPV,Unkn-031,32.96,32.54,5.95E-01,4.23E+02,2.63E+00,5.66E+02,2.03E+02,2.752816431,1.659161364
812,Cistus control,Cistus 2 control,Cistus,2,control,4.2,unkn,1,1,4,6,0.2,32,C18,SYBR,IAPV,Unkn-032,32.51,31.74,1.09E+00,5.57E+02,2.75E+00,9.98E+02,6.25E+02,2.999130541,1.731799798
790,Cistus virus,Cistus 1 virus,Cistus,1,virus,4.2,unkn,2,1,0,3,0.1,43,E05,SYBR,IAPV,Unkn-043,13.59,12.55,1.47E+00,6.45E+07,7.81E+00,1.48E+08,1.19E+08,8.170261715,2.858366967
793,Cistus virus,Cistus 1 virus,Cistus,1,virus,4.2,unkn,3,3,1,7,0.233333333,44,E06,SYBR,IAPV,Unkn-044,26.96,27.51,7.68E-01,1.70E+04,4.23E+00,1.29E+04,5.87E+03,4.11058971,2.027458929
796,Cistus virus,Cistus 2 virus,Cistus,2,virus,4.2,unkn,8,3,2,13,0.433333333,45,E07,SYBR,IAPV,Unkn-045,30.7,29.85,1.20E+00,1.71E+03,3.23E+00,3.29E+03,2.24E+03,3.517195898,1.875418859
799,Cistus virus,Cistus 1 virus,Cistus,1,virus,4.2,unkn,1,0,2,3,0.1,46,E08,SYBR,IAPV,Unkn-046,28.11,27.74,5.19E-01,8.40E+03,3.92E+00,1.08E+04,3.40E+03,4.033423755,2.008338556
800,Cistus virus,Cistus 2 virus,Cistus,2,virus,4.2,unkn,15,0,3,18,0.6,47,E09,SYBR,IAPV,Unkn-047,27.42,26.97,6.25E-01,1.29E+04,4.11E+00,1.75E+04,6.59E+03,4.243038049,2.0598636
807,Cistus virus,Cistus 2 virus,Cistus,2,virus,4.2,unkn,5,4,11,20,0.666666667,48,E10,SYBR,IAPV,Unkn-048,27.92,28.23,4.44E-01,9.45E+03,3.98E+00,7.94E+03,2.15E+03,3.899820502,1.974796319
811,Cistus virus,Cistus 2 virus,Cistus,2,virus,4.2,unkn,9,1,4,14,0.466666667,49,E11,SYBR,IAPV,Unkn-049,15.22,14.38,1.19E+00,2.36E+07,7.37E+00,4.51E+07,3.03E+07,7.654176542,2.76661825
