Cage number,Treatment,Full treatment,pollen treatment,pollen treatment number,virus treatment,Date code,queen,24 hours cumulative mortality,48 hours mortality,72 hours mortality,sum mortality,Proportion mortality,sqrt
712,Chestnut control,Chestnut  1 control,Chestnut ,1,control,3,unkn,0,0,0,0,0,0
716,Chestnut control,Chestnut  1 control,Chestnut ,1,control,3,unkn,0,0,0,0,0,0
742,Chestnut control,Chestnut  1 control,Chestnut ,1,control,3,unkn,3,0,0,3,0.1,0.316227766
746,Chestnut control,Chestnut 1 control,Chestnut,1,control,4.1,unkn,0,0,0,0,0,0
754,Chestnut control,Chestnut 2 control,Chestnut,2,control,4.1,unkn,0,0,0,0,0,0
759,Chestnut control,Chestnut 1 control,Chestnut,1,control,4.1,unkn,5,1,2,8,0.266666667,0.516397779
764,Chestnut control,Chestnut 1 control,Chestnut,1,control,4.1,unkn,1,1,0,2,0.066666667,0.25819889
769,Chestnut control,Chestnut 2 control,Chestnut,2,control,4.1,unkn,0,0,0,0,0,0
771,Chestnut control,Chestnut 1 control,Chestnut,1,control,4.1,unkn,2,0,0,2,0.066666667,0.25819889
808,Chestnut control,Chestnut 2 control,Chestnut,2,control,4.2,unkn,0,0,0,0,0,0
810,Chestnut control,Chestnut 1 control,Chestnut,1,control,4.2,unkn,0,0,2,2,0.066666667,0.25819889
703,Chestnut virus,Chestnut  1 virus,Chestnut ,1,virus,3,unkn,0,2,0,2,0.066666667,0.25819889
715,Chestnut virus,Chestnut  1 virus,Chestnut ,1,virus,3,unkn,0,2,0,2,0.066666667,0.25819889
726,Chestnut virus,Chestnut  1 virus,Chestnut ,1,virus,3,unkn,0,3,1,4,0.133333333,0.365148372
745,Chestnut virus,Chestnut 1 virus,Chestnut,1,virus,4.1,unkn,1,0,0,1,0.033333333,0.182574186
750,Chestnut virus,Chestnut 1 virus,Chestnut,1,virus,4.1,unkn,0,1,0,1,0.033333333,0.182574186
758,Chestnut virus,Chestnut 1 virus,Chestnut,1,virus,4.1,unkn,0,0,0,0,0,0
762,Chestnut virus,Chestnut 1 virus,Chestnut,1,virus,4.1,unkn,1,0,2,3,0.1,0.316227766
765,Chestnut virus,Chestnut 2 virus,Chestnut,2,virus,4.1,unkn,3,0,0,3,0.1,0.316227766
770,Chestnut virus,Chestnut 1 virus,Chestnut,1,virus,4.1,unkn,1,0,0,1,0.033333333,0.182574186
789,Chestnut virus,Chestnut 1 virus,Chestnut,1,virus,4.2,unkn,1,0,1,2,0.066666667,0.25819889
805,Chestnut virus,Chestnut 2 virus,Chestnut,2,virus,4.2,unkn,2,1,5,8,0.266666667,0.516397779
701,Cistus control,Cistus  2 control,Cistus ,2,control,3,unkn,1,4,7,12,0.4,0.632455532
706,Cistus control,Cistus  1 control,Cistus ,1,control,3,unkn,0,0,0,0,0,0
713,Cistus control,Cistus  1 control,Cistus ,1,control,3,unkn,0,0,0,0,0,0
714,Cistus control,Cistus  1 control,Cistus ,1,control,3,unkn,1,4,0,5,0.166666667,0.40824829
718,Cistus control,Cistus  2 control,Cistus ,2,control,3,unkn,1,0,0,1,0.033333333,0.182574186
723,Cistus control,Cistus  2 control,Cistus ,2,control,3,unkn,2,0,0,2,0.066666667,0.25819889
724,Cistus control,Cistus  2 control,Cistus ,2,control,3,unkn,1,0,0,1,0.033333333,0.182574186
736,Cistus control,Cistus  1 control,Cistus ,1,control,3,unkn,0,0,0,0,0,0
747,Cistus control,Cistus 1 control,Cistus,1,control,4.1,unkn,1,0,0,1,0.033333333,0.182574186
749,Cistus control,Cistus 1 control,Cistus,1,control,4.1,unkn,1,0,0,1,0.033333333,0.182574186
752,Cistus control,Cistus 1 control,Cistus,1,control,4.1,unkn,1,0,0,1,0.033333333,0.182574186
755,Cistus control,Cistus 1 control,Cistus,1,control,4.1,unkn,0,0,0,0,0,0
772,Cistus control,Cistus 1 control,Cistus,1,control,4.1,unkn,1,0,0,1,0.033333333,0.182574186
787,Cistus control,Cistus 1 control,Cistus,1,control,4.2,unkn,0,0,0,0,0,0
788,Cistus control,Cistus 2 control,Cistus,2,control,4.2,unkn,6,0,6,12,0.4,0.632455532
794,Cistus control,Cistus 1 control,Cistus,1,control,4.2,unkn,0,0,0,0,0,0
797,Cistus control,Cistus 1 control,Cistus,1,control,4.2,unkn,0,0,0,0,0,0
798,Cistus control,Cistus 2 control,Cistus,2,control,4.2,unkn,1,3,0,4,0.133333333,0.365148372
803,Cistus control,Cistus 1 control,Cistus,1,control,4.2,unkn,1,0,1,2,0.066666667,0.25819889
806,Cistus control,Cistus 2 control,Cistus,2,control,4.2,unkn,1,0,0,1,0.033333333,0.182574186
812,Cistus control,Cistus 2 control,Cistus,2,control,4.2,unkn,1,1,4,6,0.2,0.447213595
704,Cistus virus,Cistus  1 virus,Cistus ,1,virus,3,unkn,1,3,1,5,0.166666667,0.40824829
707,Cistus virus,Cistus  2 virus,Cistus ,2,virus,3,unkn,2,0,1,3,0.1,0.316227766
710,Cistus virus,Cistus  1 virus,Cistus ,1,virus,3,unkn,0,5,1,6,0.2,0.447213595
717,Cistus virus,Cistus  2 virus,Cistus ,2,virus,3,unkn,0,2,0,2,0.066666667,0.25819889
719,Cistus virus,Cistus  2 virus,Cistus ,2,virus,3,unkn,2,3,1,6,0.2,0.447213595
721,Cistus virus,Cistus  2 virus,Cistus ,2,virus,3,unkn,1,1,1,3,0.1,0.316227766
728,Cistus virus,Cistus  2 virus,Cistus ,2,virus,3,unkn,1,7,1,9,0.3,0.547722558
729,Cistus virus,Cistus  2 virus,Cistus ,2,virus,3,unkn,0,0,1,1,0.033333333,0.182574186
733,Cistus virus,Cistus  2 virus,Cistus ,2,virus,3,unkn,1,0,1,2,0.066666667,0.25819889
744,Cistus virus,Cistus 1 virus,Cistus,1,virus,4.1,unkn,1,1,0,2,0.066666667,0.25819889
751,Cistus virus,Cistus 2 virus,Cistus,2,virus,4.1,unkn,2,2,3,7,0.233333333,0.483045892
757,Cistus virus,Cistus 1 virus,Cistus,1,virus,4.1,unkn,0,1,0,1,0.033333333,0.182574186
760,Cistus virus,Cistus 1 virus,Cistus,1,virus,4.1,unkn,1,2,0,3,0.1,0.316227766
761,Cistus virus,Cistus 1 virus,Cistus,1,virus,4.1,unkn,1,0,1,2,0.066666667,0.25819889
766,Cistus virus,Cistus 1 virus,Cistus,1,virus,4.1,unkn,0,0,1,1,0.033333333,0.182574186
790,Cistus virus,Cistus 1 virus,Cistus,1,virus,4.2,unkn,2,1,0,3,0.1,0.316227766
793,Cistus virus,Cistus 1 virus,Cistus,1,virus,4.2,unkn,3,3,1,7,0.233333333,0.483045892
796,Cistus virus,Cistus 2 virus,Cistus,2,virus,4.2,unkn,8,3,2,13,0.433333333,0.658280589
799,Cistus virus,Cistus 1 virus,Cistus,1,virus,4.2,unkn,1,0,2,3,0.1,0.316227766
800,Cistus virus,Cistus 2 virus,Cistus,2,virus,4.2,unkn,15,0,3,18,0.6,0.774596669
807,Cistus virus,Cistus 2 virus,Cistus,2,virus,4.2,unkn,5,4,11,20,0.666666667,0.816496581
811,Cistus virus,Cistus 2 virus,Cistus,2,virus,4.2,unkn,9,1,4,14,0.466666667,0.683130051
